case_id,repeat,routing,k,stage,category,duration_s,share_pct,accounted,detail,total_s,accounted_s,other_s,samples
fattree_k4_NodeBfs_r1,1,NodeBfs,4,config_json,input_config,0.000047,0.40,yes,"bytes=630,templates=3",0.011665,0.011643,0.000022,17
fattree_k4_NodeBfs_r1,1,NodeBfs,4,routing_helper_setup,helper_objects,0.000051,0.44,yes,routing=NodeBfs,0.011665,0.011643,0.000022,17
fattree_k4_NodeBfs_r1,1,NodeBfs,4,template_build,topology_templates,0.000031,0.27,yes,templates=3,0.011665,0.011643,0.000022,17
fattree_k4_NodeBfs_r1,1,NodeBfs,4,topology_build,topology_objects,0.010789,92.49,yes,builder.Build,0.011665,0.011643,0.000022,17
fattree_k4_NodeBfs_r1,1,NodeBfs,4,address_registration,address_directory,0.000021,0.18,yes,RegisterAddresses,0.011665,0.011643,0.000022,17
fattree_k4_NodeBfs_r1,1,NodeBfs,4,routing_node_bfs_calculate_routes,node_bfs_detail,0.000308,2.64,no,"routing=NodeBfs,next_hop_records=768",0.011665,0.011643,0.000022,17
fattree_k4_NodeBfs_r1,1,NodeBfs,4,routing_node_bfs_set_routing_entries,node_bfs_detail,0.000120,1.03,no,"routing=NodeBfs,entries=768",0.011665,0.011643,0.000022,17
fattree_k4_NodeBfs_r1,1,NodeBfs,4,routing_node_bfs_next_hop_reset,node_bfs_detail,0.000000,0.00,no,routing=NodeBfs,0.011665,0.011643,0.000022,17
fattree_k4_NodeBfs_r1,1,NodeBfs,4,routing_node_bfs_host_index,node_bfs_detail,0.000003,0.03,no,"routing=NodeBfs,sources=16",0.011665,0.011643,0.000022,17
fattree_k4_NodeBfs_r1,1,NodeBfs,4,routing_node_bfs_bfs,node_bfs_detail,0.000302,2.59,no,"routing=NodeBfs,sources=16,node_visits=336,edge_scans=1296,discoveries=560,next_hop_records=768,next_hop_src_nodes=36,next_hop_dst_nodes=560",0.011665,0.011643,0.000022,17
fattree_k4_NodeBfs_r1,1,NodeBfs,4,routing_node_bfs_clear_tables,node_bfs_detail,0.000004,0.03,no,"routing=NodeBfs,nodes_visited=36,protocols_cleared=36",0.011665,0.011643,0.000022,17
fattree_k4_NodeBfs_r1,1,NodeBfs,4,routing_node_bfs_install_entries,node_bfs_detail,0.000116,0.99,no,"routing=NodeBfs,table_destinations=560,entries=768",0.011665,0.011643,0.000022,17
fattree_k4_NodeBfs_r1,1,NodeBfs,4,routing_node_bfs_count_entries,node_bfs_detail,0.000014,0.12,no,"routing=NodeBfs,entries=768",0.011665,0.011643,0.000022,17
fattree_k4_NodeBfs_r1,1,NodeBfs,4,routing_node_bfs_set_ecmp_policy,node_bfs_detail,0.000002,0.01,no,routing=NodeBfs,0.011665,0.011643,0.000022,17
fattree_k4_NodeBfs_r1,1,NodeBfs,4,routing_computation,node_bfs_routing,0.000462,3.96,yes,"routing=NodeBfs,entries=768",0.011665,0.011643,0.000022,17
fattree_k4_NodeBfs_r1,1,NodeBfs,4,traffic_generation,traffic_objects,0.000013,0.11,yes,"pattern=allreduce,flows=16",0.011665,0.011643,0.000022,17
fattree_k4_NodeBfs_r1,1,NodeBfs,4,application_setup,traffic_objects,0.000229,1.97,yes,"hosts=16,flows=16,replay=batch",0.011665,0.011643,0.000022,17
fattree_k4_NodeBfs_r1,1,NodeBfs,4,other,unaccounted,0.000022,0.19,yes,,0.011665,0.011643,0.000022,17
fattree_k8_NodeBfs_r1,1,NodeBfs,8,config_json,input_config,0.000032,0.05,yes,"bytes=631,templates=3",0.063244,0.063225,0.000019,17
fattree_k8_NodeBfs_r1,1,NodeBfs,8,routing_helper_setup,helper_objects,0.000042,0.07,yes,routing=NodeBfs,0.063244,0.063225,0.000019,17
fattree_k8_NodeBfs_r1,1,NodeBfs,8,template_build,topology_templates,0.000027,0.04,yes,templates=3,0.063244,0.063225,0.000019,17
fattree_k8_NodeBfs_r1,1,NodeBfs,8,topology_build,topology_objects,0.032245,50.98,yes,builder.Build,0.063244,0.063225,0.000019,17
fattree_k8_NodeBfs_r1,1,NodeBfs,8,address_registration,address_directory,0.000170,0.27,yes,RegisterAddresses,0.063244,0.063225,0.000019,17
fattree_k8_NodeBfs_r1,1,NodeBfs,8,routing_node_bfs_calculate_routes,node_bfs_detail,0.021368,33.79,no,"routing=NodeBfs,next_hop_records=49152",0.063244,0.063225,0.000019,17
fattree_k8_NodeBfs_r1,1,NodeBfs,8,routing_node_bfs_set_routing_entries,node_bfs_detail,0.006739,10.66,no,"routing=NodeBfs,entries=49152",0.063244,0.063225,0.000019,17
fattree_k8_NodeBfs_r1,1,NodeBfs,8,routing_node_bfs_next_hop_reset,node_bfs_detail,0.000000,0.00,no,routing=NodeBfs,0.063244,0.063225,0.000019,17
fattree_k8_NodeBfs_r1,1,NodeBfs,8,routing_node_bfs_host_index,node_bfs_detail,0.000022,0.04,no,"routing=NodeBfs,sources=128",0.063244,0.063225,0.000019,17
fattree_k8_NodeBfs_r1,1,NodeBfs,8,routing_node_bfs_bfs,node_bfs_detail,0.021339,33.74,no,"routing=NodeBfs,sources=128,node_visits=10368,edge_scans=82048,discoveries=26496,next_hop_records=49152,next_hop_src_nodes=208,next_hop_dst_nodes=26496",0.063244,0.063225,0.000019,17
fattree_k8_NodeBfs_r1,1,NodeBfs,8,routing_node_bfs_clear_tables,node_bfs_detail,0.000024,0.04,no,"routing=NodeBfs,nodes_visited=208,protocols_cleared=208",0.063244,0.063225,0.000019,17
fattree_k8_NodeBfs_r1,1,NodeBfs,8,routing_node_bfs_install_entries,node_bfs_detail,0.006715,10.62,no,"routing=NodeBfs,table_destinations=26496,entries=49152",0.063244,0.063225,0.000019,17
fattree_k8_NodeBfs_r1,1,NodeBfs,8,routing_node_bfs_count_entries,node_bfs_detail,0.001102,1.74,no,"routing=NodeBfs,entries=49152",0.063244,0.063225,0.000019,17
fattree_k8_NodeBfs_r1,1,NodeBfs,8,routing_node_bfs_set_ecmp_policy,node_bfs_detail,0.000019,0.03,no,routing=NodeBfs,0.063244,0.063225,0.000019,17
fattree_k8_NodeBfs_r1,1,NodeBfs,8,routing_computation,node_bfs_routing,0.029251,46.25,yes,"routing=NodeBfs,entries=49152",0.063244,0.063225,0.000019,17
fattree_k8_NodeBfs_r1,1,NodeBfs,8,traffic_generation,traffic_objects,0.000016,0.03,yes,"pattern=allreduce,flows=128",0.063244,0.063225,0.000019,17
fattree_k8_NodeBfs_r1,1,NodeBfs,8,application_setup,traffic_objects,0.001442,2.28,yes,"hosts=128,flows=128,replay=batch",0.063244,0.063225,0.000019,17
fattree_k8_NodeBfs_r1,1,NodeBfs,8,other,unaccounted,0.000019,0.03,yes,,0.063244,0.063225,0.000019,17
fattree_k16_NodeBfs_r1,1,NodeBfs,16,config_json,input_config,0.000031,0.00,yes,"bytes=632,templates=3",3.506588,3.506570,0.000018,17
fattree_k16_NodeBfs_r1,1,NodeBfs,16,routing_helper_setup,helper_objects,0.000042,0.00,yes,routing=NodeBfs,3.506588,3.506570,0.000018,17
fattree_k16_NodeBfs_r1,1,NodeBfs,16,template_build,topology_templates,0.000026,0.00,yes,templates=3,3.506588,3.506570,0.000018,17
fattree_k16_NodeBfs_r1,1,NodeBfs,16,topology_build,topology_objects,0.194245,5.54,yes,builder.Build,3.506588,3.506570,0.000018,17
fattree_k16_NodeBfs_r1,1,NodeBfs,16,address_registration,address_directory,0.001454,0.04,yes,RegisterAddresses,3.506588,3.506570,0.000018,17
fattree_k16_NodeBfs_r1,1,NodeBfs,16,routing_node_bfs_calculate_routes,node_bfs_detail,2.659533,75.84,no,"routing=NodeBfs,next_hop_records=3145728",3.506588,3.506570,0.000018,17
fattree_k16_NodeBfs_r1,1,NodeBfs,16,routing_node_bfs_set_routing_entries,node_bfs_detail,0.493929,14.09,no,"routing=NodeBfs,entries=3145728",3.506588,3.506570,0.000018,17
fattree_k16_NodeBfs_r1,1,NodeBfs,16,routing_node_bfs_next_hop_reset,node_bfs_detail,0.000000,0.00,no,routing=NodeBfs,3.506588,3.506570,0.000018,17
fattree_k16_NodeBfs_r1,1,NodeBfs,16,routing_node_bfs_host_index,node_bfs_detail,0.000073,0.00,no,"routing=NodeBfs,sources=1024",3.506588,3.506570,0.000018,17
fattree_k16_NodeBfs_r1,1,NodeBfs,16,routing_node_bfs_bfs,node_bfs_detail,2.659430,75.84,no,"routing=NodeBfs,sources=1024,node_visits=328704,edge_scans=5243904,discoveries=1375232,next_hop_records=3145728,next_hop_src_nodes=1344,next_hop_dst_nodes=1375232",3.506588,3.506570,0.000018,17
fattree_k16_NodeBfs_r1,1,NodeBfs,16,routing_node_bfs_clear_tables,node_bfs_detail,0.000251,0.01,no,"routing=NodeBfs,nodes_visited=1344,protocols_cleared=1344",3.506588,3.506570,0.000018,17
fattree_k16_NodeBfs_r1,1,NodeBfs,16,routing_node_bfs_install_entries,node_bfs_detail,0.493678,14.08,no,"routing=NodeBfs,table_destinations=1375232,entries=3145728",3.506588,3.506570,0.000018,17
fattree_k16_NodeBfs_r1,1,NodeBfs,16,routing_node_bfs_count_entries,node_bfs_detail,0.145355,4.15,no,"routing=NodeBfs,entries=3145728",3.506588,3.506570,0.000018,17
fattree_k16_NodeBfs_r1,1,NodeBfs,16,routing_node_bfs_set_ecmp_policy,node_bfs_detail,0.000219,0.01,no,routing=NodeBfs,3.506588,3.506570,0.000018,17
fattree_k16_NodeBfs_r1,1,NodeBfs,16,routing_computation,node_bfs_routing,3.299080,94.08,yes,"routing=NodeBfs,entries=3145728",3.506588,3.506570,0.000018,17
fattree_k16_NodeBfs_r1,1,NodeBfs,16,traffic_generation,traffic_objects,0.000032,0.00,yes,"pattern=allreduce,flows=1024",3.506588,3.506570,0.000018,17
fattree_k16_NodeBfs_r1,1,NodeBfs,16,application_setup,traffic_objects,0.011659,0.33,yes,"hosts=1024,flows=1024,replay=batch",3.506588,3.506570,0.000018,17
fattree_k16_NodeBfs_r1,1,NodeBfs,16,other,unaccounted,0.000018,0.00,yes,,3.506588,3.506570,0.000018,17
fattree_k32_NodeBfs_r1,1,NodeBfs,32,config_json,input_config,0.000043,0.00,yes,"bytes=637,templates=3",294.526945,294.526921,0.000025,17
fattree_k32_NodeBfs_r1,1,NodeBfs,32,routing_helper_setup,helper_objects,0.000045,0.00,yes,routing=NodeBfs,294.526945,294.526921,0.000025,17
fattree_k32_NodeBfs_r1,1,NodeBfs,32,template_build,topology_templates,0.000032,0.00,yes,templates=3,294.526945,294.526921,0.000025,17
fattree_k32_NodeBfs_r1,1,NodeBfs,32,topology_build,topology_objects,1.488641,0.51,yes,builder.Build,294.526945,294.526921,0.000025,17
fattree_k32_NodeBfs_r1,1,NodeBfs,32,address_registration,address_directory,0.016506,0.01,yes,RegisterAddresses,294.526945,294.526921,0.000025,17
fattree_k32_NodeBfs_r1,1,NodeBfs,32,routing_node_bfs_calculate_routes,node_bfs_detail,234.446603,79.60,no,"routing=NodeBfs,next_hop_records=201326592",294.526945,294.526921,0.000025,17
fattree_k32_NodeBfs_r1,1,NodeBfs,32,routing_node_bfs_set_routing_entries,node_bfs_detail,45.281541,15.37,no,"routing=NodeBfs,entries=201326592",294.526945,294.526921,0.000025,17
fattree_k32_NodeBfs_r1,1,NodeBfs,32,routing_node_bfs_next_hop_reset,node_bfs_detail,0.000000,0.00,no,routing=NodeBfs,294.526945,294.526921,0.000025,17
fattree_k32_NodeBfs_r1,1,NodeBfs,32,routing_node_bfs_host_index,node_bfs_detail,0.000514,0.00,no,"routing=NodeBfs,sources=8192",294.526945,294.526921,0.000025,17
fattree_k32_NodeBfs_r1,1,NodeBfs,32,routing_node_bfs_bfs,node_bfs_detail,234.445923,79.60,no,"routing=NodeBfs,sources=8192,node_visits=10493952,edge_scans=335552512,discoveries=77586432,next_hop_records=201326592,next_hop_src_nodes=9472,next_hop_dst_nodes=77586432",294.526945,294.526921,0.000025,17
fattree_k32_NodeBfs_r1,1,NodeBfs,32,routing_node_bfs_clear_tables,node_bfs_detail,0.001897,0.00,no,"routing=NodeBfs,nodes_visited=9472,protocols_cleared=9472",294.526945,294.526921,0.000025,17
fattree_k32_NodeBfs_r1,1,NodeBfs,32,routing_node_bfs_install_entries,node_bfs_detail,45.279642,15.37,no,"routing=NodeBfs,table_destinations=77586432,entries=201326592",294.526945,294.526921,0.000025,17
fattree_k32_NodeBfs_r1,1,NodeBfs,32,routing_node_bfs_count_entries,node_bfs_detail,13.183459,4.48,no,"routing=NodeBfs,entries=201326592",294.526945,294.526921,0.000025,17
fattree_k32_NodeBfs_r1,1,NodeBfs,32,routing_node_bfs_set_ecmp_policy,node_bfs_detail,0.001737,0.00,no,routing=NodeBfs,294.526945,294.526921,0.000025,17
fattree_k32_NodeBfs_r1,1,NodeBfs,32,routing_computation,node_bfs_routing,292.913401,99.45,yes,"routing=NodeBfs,entries=201326592",294.526945,294.526921,0.000025,17
fattree_k32_NodeBfs_r1,1,NodeBfs,32,traffic_generation,traffic_objects,0.000179,0.00,yes,"pattern=allreduce,flows=8192",294.526945,294.526921,0.000025,17
fattree_k32_NodeBfs_r1,1,NodeBfs,32,application_setup,traffic_objects,0.108073,0.04,yes,"hosts=8192,flows=8192,replay=batch",294.526945,294.526921,0.000025,17
fattree_k32_NodeBfs_r1,1,NodeBfs,32,other,unaccounted,0.000025,0.00,yes,,294.526945,294.526921,0.000025,17
