case_key,name,group,variant,param_name,param_value,config,routing,rc,init_s,exec_s,wall_s,exec_peak_mem_gb,exec_peak_mem_kb,forward_lookup_count,forward_lookup_total_s,forward_lookup_avg_s
dragonfly_valiant:h=2:nonminimal,dragonfly_valiant-h2-nonminimal,dragonfly_valiant,nonminimal,h,2,dragonfly_g9_a4_p2_h2_100g_1u.json,RuleBased,0,0.022264,12.729100,12.891835,0.159897,167664,1876661,0.143745,0.000000000
dragonfly_valiant:h=2:baseline,dragonfly_valiant-h2-baseline,dragonfly_valiant,baseline,h,2,/home/rashu/Nvwa-nvwa-evaluation/src/datacenter/examples/inputs/dragonfly_g9_a4_p2_h2_100g_1u_shortest.json,RuleBased,0,0.022642,8.143710,8.288351,0.132961,139420,1298662,0.009284,0.000000000
dragonfly_ugal:h=2:nonminimal,dragonfly_ugal-h2-nonminimal,dragonfly_ugal,nonminimal,h,2,dragonfly_g9_a4_p2_h2_100g_1u.json,RuleBased,0,0.022272,8.553000,8.717595,0.144135,151136,1298662,0.188552,0.000000000
dragonfly_ugal:h=2:baseline,dragonfly_ugal-h2-baseline,dragonfly_ugal,baseline,h,2,/home/rashu/Nvwa-nvwa-evaluation/src/datacenter/examples/inputs/dragonfly_g9_a4_p2_h2_100g_1u_shortest.json,RuleBased,0,0.022512,8.038510,8.181466,0.133102,139568,1298662,0.008771,0.000000000
torus_detour1:d=5:nonminimal,torus_detour1-d5-nonminimal,torus_detour1,nonminimal,d,5,torus3d_d5_detour1.json,RuleBased,0,0.031949,18.950500,19.264532,0.238705,250300,2564805,0.897413,0.000000000
torus_detour1:d=5:baseline,torus_detour1-d5-baseline,torus_detour1,baseline,d,5,/home/rashu/Nvwa-nvwa-evaluation/src/datacenter/examples/inputs/torus3d_d5_detour1_shortest.json,RuleBased,0,0.032258,13.734900,14.004788,0.199467,209156,1932258,0.027583,0.000000000
torus_detour2:d=5:nonminimal,torus_detour2-d5-nonminimal,torus_detour2,nonminimal,d,5,torus3d_d5_detour2.json,RuleBased,0,0.032463,24.458700,24.700215,0.253555,265872,3273929,1.530104,0.000000000
torus_detour2:d=5:baseline,torus_detour2-d5-baseline,torus_detour2,baseline,d,5,/home/rashu/Nvwa-nvwa-evaluation/src/datacenter/examples/inputs/torus3d_d5_detour2_shortest.json,RuleBased,0,0.032379,13.653900,13.923630,0.199364,209048,1932258,0.028176,0.000000000
dragonfly_valiant:h=4:nonminimal,dragonfly_valiant-h4-nonminimal,dragonfly_valiant,nonminimal,h,4,dragonfly_g33_a8_p4_h4_100g_1u.json,RuleBased,0,0.212782,313.840000,314.458609,2.146347,2250608,29344726,9.565366,0.000000000
dragonfly_valiant:h=4:baseline,dragonfly_valiant-h4-baseline,dragonfly_valiant,baseline,h,4,/home/rashu/Nvwa-nvwa-evaluation/src/datacenter/examples/inputs/dragonfly_g33_a8_p4_h4_100g_1u_shortest.json,RuleBased,0,0.213938,207.186000,207.742119,1.782162,1868732,20673692,1.637311,0.000000000
dragonfly_valiant:h=6:nonminimal,dragonfly_valiant-h6-nonminimal,dragonfly_valiant,nonminimal,h,6,dragonfly_g73_a12_p6_h6_100g_1u.json,RuleBased,0,1.061710,2171.890000,2175.192375,10.662601,11180548,148880902,125.073403,0.000001000
dragonfly_valiant:h=6:baseline,dragonfly_valiant-h6-baseline,dragonfly_valiant,baseline,h,6,/home/rashu/Nvwa-nvwa-evaluation/src/datacenter/examples/inputs/dragonfly_g73_a12_p6_h6_100g_1u_shortest.json,RuleBased,0,1.084970,1472.890000,1475.725019,8.891453,9323364,106019692,43.013040,0.000000000
dragonfly_valiant:h=8:nonminimal,dragonfly_valiant-h8-nonminimal,dragonfly_valiant,nonminimal,h,8,dragonfly_g129_a16_p8_h8_100g_1u.json,RuleBased,0,3.386520,8347.240000,8358.045903,33.507309,35134960,472264885,552.459324,0.000001000
dragonfly_valiant:h=8:baseline,dragonfly_valiant-h8-baseline,dragonfly_valiant,baseline,h,8,/home/rashu/Nvwa-nvwa-evaluation/src/datacenter/examples/inputs/dragonfly_g129_a16_p8_h8_100g_1u_shortest.json,RuleBased,0,3.382280,5842.910000,5852.847370,27.912792,29268684,337154894,251.459030,0.000001000
dragonfly_valiant:h=10:nonminimal,dragonfly_valiant-h10-nonminimal,dragonfly_valiant,nonminimal,h,10,dragonfly_g201_a20_p10_h10_100g_1u.json,RuleBased,0,8.468850,22948.100000,22976.178032,81.619179,85583912,1155197064,1555.288518,0.000001000
dragonfly_valiant:h=10:baseline,dragonfly_valiant-h10-baseline,dragonfly_valiant,baseline,h,10,/home/rashu/Nvwa-nvwa-evaluation/src/datacenter/examples/inputs/dragonfly_g201_a20_p10_h10_100g_1u_shortest.json,RuleBased,0,8.387130,15391.300000,15419.064296,68.014370,71318236,825051088,689.102611,0.000001000
dragonfly_ugal:h=4:nonminimal,dragonfly_ugal-h4-nonminimal,dragonfly_ugal,nonminimal,h,4,dragonfly_g33_a8_p4_h4_100g_1u.json,RuleBased,0,0.213723,222.235000,222.790272,1.940025,2034264,20673692,7.116493,0.000000000
dragonfly_ugal:h=4:baseline,dragonfly_ugal-h4-baseline,dragonfly_ugal,baseline,h,4,/home/rashu/Nvwa-nvwa-evaluation/src/datacenter/examples/inputs/dragonfly_g33_a8_p4_h4_100g_1u_shortest.json,RuleBased,0,0.214049,211.699000,212.246782,1.782135,1868704,20673692,2.009430,0.000000000
dragonfly_ugal:h=6:nonminimal,dragonfly_ugal-h6-nonminimal,dragonfly_ugal,nonminimal,h,6,dragonfly_g73_a12_p6_h6_100g_1u.json,RuleBased,0,1.056550,1528.200000,1531.022983,9.706745,10178260,106019692,93.071271,0.000001000
dragonfly_ugal:h=6:baseline,dragonfly_ugal-h6-baseline,dragonfly_ugal,baseline,h,6,/home/rashu/Nvwa-nvwa-evaluation/src/datacenter/examples/inputs/dragonfly_g73_a12_p6_h6_100g_1u_shortest.json,RuleBased,0,1.056310,1478.540000,1481.337992,8.891457,9323368,106019692,41.282425,0.000000000
dragonfly_ugal:h=8:nonminimal,dragonfly_ugal-h8-nonminimal,dragonfly_ugal,nonminimal,h,8,dragonfly_g129_a16_p8_h8_100g_1u.json,RuleBased,0,3.378980,5729.360000,5738.617972,30.494659,31975968,337154894,364.384835,0.000001000
dragonfly_ugal:h=8:baseline,dragonfly_ugal-h8-baseline,dragonfly_ugal,baseline,h,8,/home/rashu/Nvwa-nvwa-evaluation/src/datacenter/examples/inputs/dragonfly_g129_a16_p8_h8_100g_1u_shortest.json,RuleBased,0,3.381050,5560.560000,5569.766548,27.912716,29268604,337154894,247.709351,0.000001000
dragonfly_ugal:h=10:nonminimal,dragonfly_ugal-h10-nonminimal,dragonfly_ugal,nonminimal,h,10,dragonfly_g201_a20_p10_h10_100g_1u.json,RuleBased,0,8.458030,15461.600000,15485.777584,74.331478,77942204,825051088,1006.001906,0.000001000
dragonfly_ugal:h=10:baseline,dragonfly_ugal-h10-baseline,dragonfly_ugal,baseline,h,10,/home/rashu/Nvwa-nvwa-evaluation/src/datacenter/examples/inputs/dragonfly_g201_a20_p10_h10_100g_1u_shortest.json,RuleBased,0,8.396610,15008.100000,15032.019159,68.014370,71318236,825051088,682.690864,0.000001000
torus_detour1:d=10:nonminimal,torus_detour1-d10-nonminimal,torus_detour1,nonminimal,d,10,torus3d_d10_detour1.json,RuleBased,0,0.208531,470.487000,471.274102,2.105934,2208232,41802650,22.956729,0.000001000
torus_detour1:d=10:baseline,torus_detour1-d10-baseline,torus_detour1,baseline,d,10,/home/rashu/Nvwa-nvwa-evaluation/src/datacenter/examples/inputs/torus3d_d10_detour1_shortest.json,RuleBased,0,0.209741,350.272000,350.953990,1.836712,1925932,32111988,3.670044,0.000000000
torus_detour2:d=10:nonminimal,torus_detour2-d10-nonminimal,torus_detour2,nonminimal,d,10,torus3d_d10_detour2.json,RuleBased,0,0.209846,611.922000,612.857163,2.197430,2304172,53450746,32.154769,0.000001000
torus_detour2:d=10:baseline,torus_detour2-d10-baseline,torus_detour2,baseline,d,10,/home/rashu/Nvwa-nvwa-evaluation/src/datacenter/examples/inputs/torus3d_d10_detour2_shortest.json,RuleBased,0,0.209984,342.191000,342.876344,1.836693,1925912,32111988,3.369023,0.000000000
torus_detour1:d=15:nonminimal,torus_detour1-d15-nonminimal,torus_detour1,nonminimal,d,15,torus3d_d15_detour1.json,RuleBased,0,0.715656,3121.360000,3125.053002,7.521915,7887300,208037680,213.958450,0.000001000
torus_detour1:d=15:baseline,torus_detour1-d15-baseline,torus_detour1,baseline,d,15,/home/rashu/Nvwa-nvwa-evaluation/src/datacenter/examples/inputs/torus3d_d15_detour1_shortest.json,RuleBased,0,0.718153,2251.380000,2254.401025,6.608879,6929912,158719994,70.976712,0.000000000
torus_detour2:d=15:nonminimal,torus_detour2-d15-nonminimal,torus_detour2,nonminimal,d,15,torus3d_d15_detour2.json,RuleBased,0,0.718099,4092.920000,4097.453260,7.777813,8155628,265771493,281.166484,0.000001000
torus_detour2:d=15:baseline,torus_detour2-d15-baseline,torus_detour2,baseline,d,15,/home/rashu/Nvwa-nvwa-evaluation/src/datacenter/examples/inputs/torus3d_d15_detour2_shortest.json,RuleBased,0,0.725155,2262.600000,2265.658946,6.608807,6929836,158719994,76.047532,0.000000000
torus_detour1:d=20:nonminimal,torus_detour1-d20-nonminimal,torus_detour1,nonminimal,d,20,torus3d_d20_detour1.json,RuleBased,0,1.742950,11196.100000,11207.681462,18.519135,19418720,656340418,785.601061,0.000001000
torus_detour1:d=20:baseline,torus_detour1-d20-baseline,torus_detour1,baseline,d,20,/home/rashu/Nvwa-nvwa-evaluation/src/datacenter/examples/inputs/torus3d_d20_detour1_shortest.json,RuleBased,0,1.740930,8050.730000,8059.937467,16.393341,17189664,501984264,443.468753,0.000001000
torus_detour2:d=20:nonminimal,torus_detour2-d20-nonminimal,torus_detour2,nonminimal,d,20,torus3d_d20_detour2.json,RuleBased,0,1.752490,14593.900000,14608.442301,19.182362,20114164,840295156,1036.105239,0.000001000
torus_detour2:d=20:baseline,torus_detour2-d20-baseline,torus_detour2,baseline,d,20,/home/rashu/Nvwa-nvwa-evaluation/src/datacenter/examples/inputs/torus3d_d20_detour2_shortest.json,RuleBased,0,1.739080,8138.790000,8148.104298,16.393456,17189784,501984264,455.745114,0.000001000
